Rk,Player,Age,G,MP,PTS,TRB,AST,STL,BLK,FG%,3P%,FT%
1,Precious Achiuwa,23,55,20.7,9.2,6,0.9,0.6,0.5,0.485,0.269,0.702
2,Steven Adams,29,42,27,8.6,11.5,2.3,0.9,1.1,0.597,0,0.364
3,Bam Adebayo,25,75,34.6,20.4,9.2,3.2,1.2,0.8,0.54,0.083,0.806
4,Ochai Agbaji,22,59,20.5,7.9,2.1,1.1,0.3,0.3,0.427,0.355,0.812
5,Santi Aldama,22,77,21.8,9,4.8,1.3,0.6,0.6,0.47,0.353,0.75
6,Nickeil Alexander-Walker,24,59,15,6.2,1.7,1.8,0.5,0.4,0.444,0.384,0.667
6,Nickeil Alexander-Walker,24,36,14.7,6.3,1.6,2.1,0.7,0.4,0.488,0.402,0.692
6,Nickeil Alexander-Walker,24,23,15.5,5.9,1.8,1.4,0.3,0.3,0.384,0.361,0.619
7,Grayson Allen,27,72,27.4,10.4,3.3,2.3,0.9,0.2,0.44,0.399,0.905
8,Jarrett Allen,24,68,32.6,14.3,9.8,1.7,0.8,1.2,0.644,0.1,0.733
9,Jose Alvarado,24,61,21.5,9,2.3,3,1.1,0.2,0.411,0.336,0.813
10,Kyle Anderson,29,69,28.4,9.4,5.3,4.9,1.1,0.9,0.509,0.41,0.735
11,Giannis Antetokounmpo,28,63,32.1,31.1,11.8,5.7,0.8,0.8,0.553,0.275,0.645
12,Thanasis Antetokounmpo,30,37,5.6,1.4,1.2,0.4,0.1,0.1,0.435,0,0.5
13,Cole Anthony,22,60,25.9,13,4.8,3.9,0.6,0.5,0.454,0.364,0.894
14,OG Anunoby,25,67,35.6,16.8,5,2,1.9,0.7,0.476,0.387,0.838
15,Ryan Arcidiacono,28,20,8.6,1.3,0.8,1.2,0.3,0,0.243,0.348,0
15,Ryan Arcidiacono,28,11,2.4,0.3,0.4,0.2,0.2,0,0.2,0.333,0
15,Ryan Arcidiacono,28,9,16.2,2.6,1.2,2.3,0.3,0,0.25,0.35,0
16,Deni Avdija,22,76,26.6,9.2,6.4,2.8,0.9,0.4,0.437,0.297,0.739
17,Deandre Ayton,24,67,30.4,18,10,1.7,0.6,0.8,0.589,0.292,0.76
18,Udoka Azubuike,23,36,10,3.5,3.3,0.3,0.2,0.4,0.819,0,0.35
19,Marvin Bagley III,23,42,23.6,12,6.4,0.9,0.5,0.7,0.529,0.288,0.75
20,Patrick Baldwin Jr.,20,31,7.3,3.9,1.3,0.4,0.2,0.1,0.394,0.381,0.667
21,LaMelo Ball,21,36,35.2,23.3,6.4,8.4,1.3,0.3,0.411,0.376,0.836
22,Mo Bamba,24,49,15.7,6.6,4.6,0.9,0.3,0.9,0.485,0.387,0.661
22,Mo Bamba,24,40,17,7.3,4.6,1.1,0.3,1,0.495,0.398,0.686
22,Mo Bamba,24,9,9.8,3.7,4.6,0.4,0.1,0.6,0.407,0.313,0.545
23,Paolo Banchero,20,72,33.8,20,6.9,3.7,0.8,0.5,0.427,0.298,0.738
24,Desmond Bane,24,58,31.7,21.5,5,4.4,1,0.4,0.479,0.408,0.883
25,Dalano Banton,23,31,9,4.6,1.5,1.2,0.4,0.4,0.423,0.294,0.708
26,Dominick Barlow,19,28,14.6,3.9,3.6,0.9,0.4,0.7,0.535,0,0.72
27,Harrison Barnes,30,82,32.5,15,4.5,1.6,0.7,0.1,0.473,0.374,0.847
28,Scottie Barnes,21,77,34.8,15.3,6.6,4.8,1.1,0.8,0.456,0.281,0.772
29,RJ Barrett,22,73,33.9,19.6,5,2.8,0.4,0.2,0.434,0.31,0.74
30,Will Barton,32,56,17.7,6.8,2.4,2,0.5,0.2,0.379,0.367,0.787
30,Will Barton,32,40,19.6,7.7,2.8,2.4,0.4,0.3,0.386,0.377,0.778
30,Will Barton,32,16,13.2,4.5,1.6,1.1,0.7,0.2,0.354,0.333,1
31,Charles Bassey,22,35,14.5,5.7,5.5,1.3,0.5,0.9,0.644,0.375,0.595
32,Keita Bates-Diop,27,67,21.7,9.7,3.7,1.5,0.7,0.3,0.508,0.394,0.793
33,Nicolas Batum,34,78,21.9,6.1,3.8,1.6,0.7,0.6,0.42,0.391,0.708
34,Darius Bazley,22,43,14.3,5.2,3.2,0.9,0.5,0.8,0.454,0.377,0.543
34,Darius Bazley,22,36,15.4,5.4,3.4,0.9,0.5,0.8,0.449,0.4,0.554
34,Darius Bazley,22,7,8.7,4,2.3,0.9,0.4,0.7,0.48,0.25,0.4
35,Bradley Beal,29,50,33.5,23.2,3.9,5.4,0.9,0.7,0.506,0.365,0.842
36,Malik Beasley,26,81,25.8,12.7,3.5,1.5,0.8,0.1,0.395,0.357,0.769
36,Malik Beasley,26,55,26.8,13.4,3.6,1.7,0.8,0.1,0.396,0.359,0.841
36,Malik Beasley,26,26,23.9,11.1,3.3,1.2,0.8,0,0.392,0.353,0.619
37,MarJon Beauchamp,22,52,13.5,5.1,2.2,0.7,0.4,0.1,0.395,0.331,0.73
38,D?vis Bert?ns,30,45,10.9,4.6,1.2,0.5,0.2,0.2,0.431,0.39,0.867
39,Patrick Beverley,34,67,27.1,6.2,3.7,2.9,0.9,0.6,0.4,0.335,0.723
39,Patrick Beverley,34,45,26.9,6.4,3.1,2.6,0.9,0.6,0.402,0.348,0.78
39,Patrick Beverley,34,22,27.5,5.8,4.9,3.5,1,0.7,0.395,0.309,0.533
40,Saddiq Bey,23,77,27.6,13.8,4.7,1.5,0.9,0.2,0.422,0.361,0.861
40,Saddiq Bey,23,52,28.8,14.8,4.7,1.6,1,0.2,0.404,0.345,0.861
40,Saddiq Bey,23,25,25.2,11.6,4.8,1.4,0.8,0,0.47,0.4,0.862
41,Khem Birch,30,20,8.1,2.2,1.3,0.4,0.3,0.3,0.594,0.5,0.8
42,Goga Bitadze,23,38,12,4.4,3.6,1,0.4,0.7,0.552,0.231,0.548
42,Goga Bitadze,23,21,9.6,3.3,2.3,0.9,0.4,0.5,0.519,0.286,0.458
42,Goga Bitadze,23,17,15,5.8,5.2,1.2,0.4,0.9,0.575,0.167,0.667
43,Bismack Biyombo,30,61,14.3,4.3,4.3,0.9,0.3,1.4,0.578,0,0.357
44,Buddy Boeheim,23,10,9,1.6,0.6,0.4,0.2,0,0.185,0.16,1
45,Bogdan Bogdanovi?,30,54,27.9,14,3.1,2.8,0.8,0.3,0.447,0.406,0.831
46,Bojan Bogdanovi?,33,59,32.1,21.6,3.8,2.6,0.6,0.1,0.488,0.411,0.884
47,Bol Bol,23,70,21.5,9.1,5.8,1,0.4,1.2,0.546,0.265,0.759
48,Leandro Bolmaro,22,14,4.9,0.4,0.5,0.5,0.2,0.1,0.15,0,0
49,Devin Booker,26,53,34.6,27.8,4.5,5.5,1,0.3,0.494,0.351,0.855
50,Brandon Boston Jr.,21,22,11.3,6.5,1.4,0.9,0.4,0,0.418,0.414,0.763
51,Chris Boucher,30,76,20,9.4,5.5,0.4,0.6,0.8,0.493,0.328,0.762
52,James Bouknight,22,34,15.1,5.6,2.1,1.2,0.4,0.1,0.358,0.303,0.667
53,Jamaree Bouyea,23,5,14.2,3,1.2,0.8,0.8,0.4,0.429,0.333,0.5
53,Jamaree Bouyea,23,4,16.3,3.8,1.3,1,1,0.5,0.462,0.4,0.5
53,Jamaree Bouyea,23,1,6,0,1,0,0,0,0,0,0
54,Tony Bradley,25,12,2.8,1.6,0.9,0.1,0.1,0.1,0.5,0.6,1
55,Malaki Branham,19,66,23.5,10.2,2.7,1.9,0.5,0.1,0.44,0.302,0.829
56,Jarrell Brantley,26,4,9.8,5.5,1.5,0.8,0,0.5,0.571,0.444,1
57,Christian Braun,21,76,15.5,4.7,2.4,0.8,0.5,0.2,0.495,0.354,0.625
58,Mikal Bridges,26,83,35.7,20.1,4.4,3.3,1.1,0.7,0.468,0.382,0.895
58,Mikal Bridges,26,56,36.4,17.2,4.3,3.6,1.2,0.8,0.463,0.387,0.897
58,Mikal Bridges,26,27,34.2,26.1,4.5,2.7,1,0.6,0.475,0.376,0.894
59,Oshae Brissett,24,65,16.7,6.1,3.4,0.7,0.5,0.2,0.386,0.31,0.717
60,Malcolm Brogdon,30,67,26,14.9,4.2,3.7,0.7,0.3,0.484,0.444,0.87
61,Dillon Brooks,27,73,30.3,14.3,3.3,2.6,0.9,0.2,0.396,0.326,0.779
62,Bruce Brown,26,80,28.5,11.5,4.1,3.4,1.1,0.6,0.483,0.358,0.758
63,Greg Brown III,21,16,5.8,1.8,1.2,0.2,0.3,0.3,0.393,0.143,0.417
64,Jaylen Brown,26,67,35.9,26.6,6.9,3.5,1.1,0.4,0.491,0.335,0.765
65,Kendall Brown,19,6,6.7,1.5,1,0.5,0.7,0,0.571,0,0.5
66,Moses Brown,23,36,8.2,4.3,3.9,0.1,0.1,0.4,0.635,0,0.458
66,Moses Brown,23,34,8.5,4.6,4.1,0.1,0.1,0.4,0.635,0,0.458
66,Moses Brown,23,2,3,0,0,0,0.5,0,0,0,0
67,Sterling Brown,27,4,6,0,2,0.5,0.8,0,0,0,0
68,Troy Brown Jr.,23,76,24.5,7.1,4.1,1.3,0.8,0.2,0.43,0.381,0.872
69,Jalen Brunson,26,68,35,24,3.5,6.2,0.9,0.2,0.491,0.416,0.829
70,Thomas Bryant,25,59,18.3,9.8,5.7,0.5,0.3,0.5,0.623,0.441,0.738
70,Thomas Bryant,25,41,21.4,12.1,6.8,0.7,0.3,0.6,0.654,0.44,0.741
70,Thomas Bryant,25,18,11.4,4.6,3.3,0.1,0.1,0.4,0.485,0.444,0.722
71,Reggie Bullock,31,78,30.3,7.2,3.6,1.4,0.7,0.2,0.409,0.38,0.703
72,Alec Burks,31,51,22,12.8,3.1,2.2,0.7,0.2,0.436,0.414,0.814
73,Deonte Burton,29,2,3,0,0,0,0,0,0,0,0
74,Jared Butler,22,6,12.8,6.2,0.7,1.3,0.8,0,0.469,0.5,0
75,Jimmy Butler,33,64,33.4,22.9,5.9,5.3,1.8,0.3,0.539,0.35,0.85
76,John Butler,20,19,11.6,2.4,0.9,0.6,0.4,0.5,0.321,0.229,0.75
77,Jamal Cain,23,18,13.3,5.4,2.9,0.7,0.6,0.1,0.561,0.35,0.773
78,Kentavious Caldwell-Pope,29,76,31.3,10.8,2.7,2.4,1.5,0.5,0.462,0.423,0.824
79,Facundo Campazzo,31,8,6.5,1.3,0.3,1.1,0.8,0,0.231,0.273,0.5
80,Vlatko ?an?ar,25,60,14.8,5,2.1,1.3,0.4,0.2,0.476,0.374,0.927
81,Clint Capela,28,65,26.6,12,11,0.9,0.7,1.2,0.653,0,0.603
82,Vernon Carey Jr.,21,11,2.5,0.5,1,0.3,0.2,0.2,0.25,0,1
83,Jevon Carter,27,81,22.3,8,2.5,2.4,0.8,0.4,0.423,0.421,0.816
84,Wendell Carter Jr.,23,57,29.6,15.2,8.7,2.3,0.5,0.6,0.525,0.356,0.738
85,Michael Carter-Williams,31,4,11,4.3,1.3,1.8,0.3,0.3,0.429,0.333,0.571
86,Alex Caruso,28,67,23.5,5.6,2.9,2.9,1.5,0.7,0.455,0.364,0.808
87,Julian Champagnie,21,17,18.8,9.7,3.5,0.6,0.4,0.3,0.454,0.402,0.824
87,Julian Champagnie,21,2,3.5,0,0,0,0.5,0,0,0,0
87,Julian Champagnie,21,15,20.9,11,4,0.7,0.3,0.3,0.461,0.407,0.824
88,Justin Champagnie,21,5,6.8,2.2,1.6,0.8,0.2,0,0.333,0.2,0
88,Justin Champagnie,21,3,3.7,2,1.3,0.3,0,0,1,0,0
88,Justin Champagnie,21,2,11.5,2.5,2,1.5,0.5,0,0.167,0.2,0
89,Kennedy Chandler,20,36,7.8,2.2,1.1,1.6,0.3,0.1,0.422,0.133,0.462
90,Max Christie,19,41,12.5,3.1,1.8,0.5,0.2,0.2,0.415,0.419,0.875
91,Josh Christopher,21,64,12.3,5.8,1.1,1.1,0.5,0.2,0.465,0.236,0.75
92,Brandon Clarke,26,56,19.5,10,5.5,1.3,0.6,0.7,0.656,0.167,0.723
93,Jordan Clarkson,30,61,32.6,20.8,4,4.4,0.5,0.2,0.444,0.338,0.816
94,Nic Claxton,23,76,29.9,12.6,9.2,1.9,0.9,2.5,0.705,0,0.541
95,Amir Coffey,25,50,12.5,3.4,1.1,1.1,0.1,0.1,0.386,0.275,0.778
96,John Collins,25,71,30,13.1,6.5,1.2,0.6,1,0.508,0.292,0.803
97,Zach Collins,25,63,22.9,11.6,6.4,2.9,0.6,0.8,0.518,0.374,0.761
98,Chance Comanche,26,1,21,7,3,0,0,1,0.6,0,0.25
99,Mike Conley,35,67,30.3,11.9,2.7,6.7,1.1,0.2,0.428,0.385,0.834
99,Mike Conley,35,43,29.7,10.7,2.5,7.7,1,0.2,0.408,0.362,0.813
99,Mike Conley,35,24,31.4,14,3.1,5,1.2,0.2,0.46,0.42,0.863
100,Pat Connaughton,30,61,23.7,7.6,4.6,1.3,0.6,0.2,0.392,0.339,0.659
101,Xavier Cooks,27,10,12.6,3.8,3.8,0.6,0.6,0.4,0.607,0,0.4
102,Robert Covington,32,48,16.2,6,3.5,1.2,0.8,0.7,0.445,0.397,0.75
103,Torrey Craig,32,79,24.7,7.4,5.4,1.5,0.6,0.8,0.456,0.395,0.711
104,Jae Crowder,32,18,18.9,6.9,3.8,1.5,0.7,0.3,0.479,0.436,0.833
105,Jarrett Culver,23,10,13.7,4.4,3.8,0.6,0.6,0.2,0.395,0.083,0.692
106,Cade Cunningham,21,12,33.3,19.9,6.2,6,0.8,0.6,0.415,0.279,0.837
107,Seth Curry,32,61,19.9,9.2,1.6,1.6,0.6,0.1,0.463,0.405,0.927
108,Stephen Curry,34,56,34.7,29.4,6.1,6.3,0.9,0.4,0.493,0.427,0.915
109,Dyson Daniels,19,59,17.7,3.8,3.2,2.3,0.7,0.2,0.418,0.314,0.65
110,Anthony Davis,29,56,34,25.9,12.5,2.6,1.1,2,0.563,0.257,0.784
111,Johnny Davis,20,28,15.1,5.8,2.3,1,0.4,0.3,0.386,0.243,0.519
112,Terence Davis,25,64,13.1,6.7,2.2,1,0.7,0.2,0.423,0.366,0.791
113,JD Davison,20,12,5.5,1.6,0.8,0.9,0.2,0.2,0.421,0.286,0.5
114,Darius Days,23,4,6.3,3.8,1.5,0.3,0,0.3,0.417,0.3,1
115,Dewayne Dedmon,33,38,11.2,5.2,3.5,0.7,0.2,0.5,0.51,0.308,0.673
115,Dewayne Dedmon,33,30,11.7,5.7,3.6,0.5,0.2,0.5,0.496,0.297,0.727
115,Dewayne Dedmon,33,8,9.5,3.5,3.1,1.3,0.3,0.6,0.591,0.5,0.2
116,Matthew Dellavedova,32,32,6.7,1.5,0.4,1.3,0.2,0,0.34,0.333,0.571
117,DeMar DeRozan,33,74,36.2,24.5,4.6,5.1,1.1,0.5,0.504,0.324,0.872
118,Moussa Diabaté,21,22,8.9,2.7,2.3,0.2,0.3,0.4,0.511,0.5,0.625
119,Mamadi Diakite,26,22,8,2.6,1.4,0.4,0.2,0.4,0.48,0.333,1
120,Hamidou Diallo,24,56,17.8,9.3,3.5,1,0.9,0.3,0.573,0.238,0.588
121,Gorgui Dieng,33,31,11.5,3.9,3.5,1.7,0.1,0.5,0.385,0.28,0.769
122,Ousmane Dieng,19,39,14.6,4.9,2.7,1.2,0.4,0.2,0.42,0.265,0.652
123,Spencer Dinwiddie,29,79,34.5,17.3,3.4,6.5,0.8,0.3,0.438,0.369,0.812
123,Spencer Dinwiddie,29,53,34.1,17.7,3.1,5.3,0.7,0.3,0.455,0.405,0.821
123,Spencer Dinwiddie,29,26,35.3,16.5,4.1,9.1,1.1,0.3,0.404,0.289,0.797
124,Donte DiVincenzo,26,72,26.3,9.4,4.5,3.5,1.3,0.1,0.435,0.397,0.817
125,Luka Don?i?,23,66,36.2,32.4,8.6,8,1.4,0.5,0.496,0.342,0.742
126,Tyler Dorsey,26,3,2.7,3,0.7,0,0,0,0.8,0.5,0
127,Luguentz Dort,23,74,30.7,13.7,4.6,2.1,1,0.3,0.388,0.33,0.772
128,Ayo Dosunmu,23,80,26.2,8.6,2.8,2.6,0.8,0.3,0.493,0.312,0.805
129,Devon Dotson,23,6,8.8,0.5,1.7,1.3,0.8,0,0.1,0.25,0
130,Jeff Dowtin,25,25,10.4,2.4,0.9,1.2,0.4,0.1,0.439,0.313,0.667
131,PJ Dozier,26,16,4.9,1.4,0.9,0.6,0.4,0.1,0.303,0.125,0
132,Goran Dragi?,36,58,15,6.3,1.4,2.6,0.2,0.1,0.421,0.359,0.689
132,Goran Dragi?,36,51,15.4,6.4,1.4,2.7,0.2,0.1,0.425,0.352,0.659
132,Goran Dragi?,36,7,11.9,5.6,1.7,1.7,0.3,0,0.389,0.412,1
133,Andre Drummond,29,67,12.7,6,6.6,0.5,0.7,0.4,0.606,0,0.536
134,Chris Duarte,25,46,19.5,7.9,2.5,1.4,0.5,0.2,0.369,0.316,0.847
135,David Duke Jr.,23,23,9.9,3.7,1.3,0.9,0.4,0,0.462,0.083,0.706
136,Kris Dunn,28,22,25.8,13.2,4.5,5.6,1.1,0.5,0.537,0.472,0.774
137,Kevin Durant,34,47,35.6,29.1,6.7,5,0.7,1.4,0.56,0.404,0.919
137,Kevin Durant,34,39,36,29.7,6.7,5.3,0.8,1.5,0.559,0.376,0.934
137,Kevin Durant,34,8,33.6,26,6.4,3.5,0.3,1.3,0.57,0.537,0.833
138,Jalen Duren,19,67,24.9,9.1,8.9,1.1,0.7,0.9,0.648,0,0.611
139,Tari Eason,21,82,21.5,9.3,6,1.1,1.2,0.6,0.448,0.343,0.752
140,Anthony Edwards,21,79,36,24.6,5.8,4.4,1.6,0.7,0.459,0.369,0.756
141,Kessler Edwards,22,36,10.7,2.8,1.7,0.6,0.4,0.2,0.387,0.309,0.733
141,Kessler Edwards,22,14,5.6,1.1,1,0.1,0.2,0.1,0.25,0.167,0.5
141,Kessler Edwards,22,22,13.9,3.9,2.1,1,0.5,0.2,0.435,0.349,0.769
142,Keon Ellis,23,16,4.4,1.5,0.5,0.4,0.3,0.1,0.438,0.5,0.571
144,Drew Eubanks,25,78,20.3,6.6,5.4,1.3,0.5,1.3,0.641,0.389,0.664
145,Bruno Fernando,24,39,10.4,3.9,3.5,0.8,0.2,0.9,0.527,0,0.7
145,Bruno Fernando,24,31,11.7,4.1,3.9,1,0.2,1,0.516,0,0.682
145,Bruno Fernando,24,8,5.1,3.4,1.9,0.1,0,0.4,0.579,0,0.833
146,Dorian Finney-Smith,29,66,30.4,8.3,4.8,1.5,0.8,0.5,0.391,0.337,0.763
146,Dorian Finney-Smith,29,40,32.2,9.1,4.7,1.5,1,0.5,0.416,0.355,0.75
146,Dorian Finney-Smith,29,26,27.7,7.2,4.9,1.6,0.7,0.6,0.351,0.306,0.789
147,Malachi Flynn,24,53,13,4.6,1.4,1.3,0.4,0.1,0.36,0.353,0.758
148,Simone Fontecchio,27,52,14.7,6.3,1.7,0.8,0.3,0.2,0.369,0.33,0.795
149,Bryn Forbes,29,25,10.7,3.6,0.6,0.7,0.3,0.1,0.361,0.304,1
150,Trent Forrest,24,23,12,2.3,1.6,1.7,0.3,0.1,0.417,0,0.667
151,Michael Foster Jr.,20,1,1,0,0,0,0,0,0,0,0
152,Evan Fournier,30,27,17,6.1,1.8,1.3,0.6,0.1,0.337,0.307,0.857
153,De'Aaron Fox,25,73,33.4,25,4.2,6.1,1.1,0.3,0.512,0.324,0.78
154,Markelle Fultz,24,60,29.6,14,3.9,5.7,1.5,0.4,0.514,0.31,0.783
155,Wenyen Gabriel,25,68,15.1,5.5,4.2,0.5,0.4,0.5,0.596,0.278,0.619
156,Daniel Gafford,24,78,20.6,9,5.6,1.1,0.4,1.3,0.732,0,0.679
157,Darius Garland,23,69,35.5,21.6,2.7,7.8,1.2,0.1,0.462,0.41,0.863
158,Usman Garuba,20,75,12.9,3,4.1,0.9,0.6,0.4,0.486,0.407,0.617
159,Luka Garza,24,28,8.7,6.5,2.3,0.6,0.1,0.1,0.543,0.359,0.788
160,Rudy Gay,36,56,14.6,5.2,2.9,1,0.3,0.3,0.38,0.254,0.857
161,Paul George,32,56,34.6,23.8,6.1,5.1,1.5,0.4,0.457,0.371,0.871
162,Taj Gibson,37,49,9.8,3.4,1.9,0.7,0.3,0.2,0.52,0.333,0.714
163,Josh Giddey,20,76,31.1,16.6,7.9,6.2,0.8,0.4,0.482,0.325,0.731
164,Shai Gilgeous-Alexander,24,68,35.5,31.4,4.8,5.5,1.6,1,0.51,0.345,0.905
165,Anthony Gill,30,59,10.6,3.3,1.7,0.6,0.1,0.2,0.538,0.138,0.731
166,Jacob Gilyard,24,1,41,3,4,7,3,0,0.333,0.333,0
167,Rudy Gobert,30,70,30.7,13.4,11.6,1.2,0.8,1.4,0.659,0,0.644
168,Jordan Goodwin,24,62,17.8,6.6,3.3,2.7,0.9,0.4,0.448,0.322,0.768
169,Aaron Gordon,27,68,30.2,16.3,6.6,3,0.8,0.8,0.564,0.347,0.608
170,Eric Gordon,34,69,28.5,12.4,1.9,2.7,0.6,0.4,0.446,0.371,0.821
170,Eric Gordon,34,47,30.2,13.1,2.1,2.9,0.6,0.4,0.439,0.347,0.815
170,Eric Gordon,34,22,24.9,11,1.7,2.1,0.6,0.4,0.463,0.423,0.842
171,Devonte' Graham,27,73,18.3,7.4,1.7,2.7,0.6,0.2,0.374,0.352,0.748
171,Devonte' Graham,27,53,15.3,5.3,1.4,2.2,0.6,0.2,0.368,0.347,0.746
171,Devonte' Graham,27,20,26.4,13,2.5,4,0.8,0.3,0.38,0.358,0.75
172,Jerami Grant,28,63,35.7,20.5,4.5,2.4,0.8,0.8,0.475,0.401,0.813
173,RaiQuan Gray,23,1,35,16,9,7,0,1,0.5,0.4,1
174,A.J. Green,23,35,9.9,4.4,1.3,0.6,0.2,0,0.424,0.419,1
175,Danny Green,35,11,12.5,5.5,1.3,0.5,0.5,0.3,0.449,0.432,1
175,Danny Green,35,3,14.3,3,1.3,0.7,0.3,0,0.273,0.375,0
175,Danny Green,35,8,11.9,6.5,1.3,0.5,0.6,0.4,0.5,0.448,1
176,Draymond Green,32,73,31.5,8.5,7.2,6.8,1,0.8,0.527,0.305,0.713
177,Jalen Green,20,76,34.2,22.1,3.7,3.7,0.8,0.2,0.416,0.338,0.786
178,JaMychal Green,32,57,14,6.4,3.6,0.9,0.4,0.4,0.54,0.378,0.776
179,Javonte Green,29,32,15,5.2,2.8,0.7,0.8,0.7,0.565,0.371,0.667
180,Jeff Green,36,56,19.5,7.8,2.6,1.2,0.3,0.3,0.488,0.288,0.744
181,Josh Green,22,60,25.7,9.1,3,1.7,0.7,0.1,0.537,0.402,0.723
182,AJ Griffin,19,72,19.5,8.9,2.1,1,0.6,0.2,0.465,0.39,0.894
183,Blake Griffin,33,41,13.9,4.1,3.8,1.5,0.3,0.2,0.485,0.348,0.656
184,Quentin Grimes,22,71,29.9,11.3,3.2,2.1,0.7,0.4,0.468,0.386,0.796
185,Rui Hachimura,24,63,23.3,11.2,4.5,0.9,0.3,0.4,0.486,0.319,0.739
185,Rui Hachimura,24,30,24.3,13,4.3,1.2,0.4,0.4,0.488,0.337,0.759
185,Rui Hachimura,24,33,22.4,9.6,4.7,0.7,0.2,0.4,0.485,0.296,0.721
186,Tyrese Haliburton,22,56,33.6,20.7,3.7,10.4,1.6,0.4,0.49,0.4,0.871
187,Jordan Hall,21,9,9.2,3.1,1.3,1.2,0.1,0,0.321,0.2,0.778
188,R.J. Hampton,21,47,16,6.4,1.9,1.1,0.6,0.2,0.43,0.353,0.75
188,R.J. Hampton,21,26,13.9,5.7,1.5,1.3,0.6,0.2,0.439,0.34,0.838
188,R.J. Hampton,21,21,18.5,7.3,2.3,1,0.5,0.2,0.423,0.365,0.667
189,Tim Hardaway Jr.,30,71,30.3,14.4,3.5,1.8,0.7,0.2,0.401,0.385,0.77
190,James Harden,33,58,36.8,21,6.1,10.7,1.2,0.5,0.441,0.385,0.867
191,Jaden Hardy,20,48,14.8,8.8,1.9,1.4,0.4,0.1,0.438,0.404,0.823
192,Ron Harper Jr.,22,9,5.3,2.2,0.8,0.4,0,0.1,0.5,0.333,1
193,Montrezl Harrell,29,57,11.9,5.6,2.8,0.6,0.3,0.4,0.598,0,0.693
194,Gary Harris,28,48,24.7,8.3,2,1.2,0.9,0.3,0.45,0.431,0.9
195,Joe Harris,31,74,20.6,7.6,2.2,1.4,0.5,0.2,0.457,0.426,0.643
196,Kevon Harris,25,34,13.4,4.1,2.1,0.5,0.5,0.1,0.439,0.372,0.756
197,Tobias Harris,30,74,32.9,14.7,5.7,2.5,0.9,0.5,0.501,0.389,0.876
198,Shaquille Harrison,29,5,24,8.8,4.4,6,2.2,0.4,0.417,0.3,0.733
199,Josh Hart,27,76,32.3,9.8,7.8,3.8,1.2,0.3,0.529,0.372,0.75
199,Josh Hart,27,51,33.4,9.5,8.2,3.9,1.1,0.2,0.504,0.304,0.731
199,Josh Hart,27,25,30,10.2,7,3.6,1.4,0.5,0.586,0.519,0.789
200,Isaiah Hartenstein,24,82,19.8,5,6.5,1.2,0.6,0.8,0.535,0.216,0.676
201,Udonis Haslem,42,7,10.1,3.9,1.6,0,0.1,0.3,0.345,0.333,0.8
202,Sam Hauser,25,80,16.1,6.4,2.6,0.9,0.4,0.3,0.455,0.418,0.706
203,Jaxson Hayes,22,47,13,5,2.8,0.7,0.4,0.4,0.551,0.103,0.699
204,Killian Hayes,21,76,28.3,10.3,2.9,6.2,1.4,0.4,0.377,0.28,0.821
205,Gordon Hayward,32,50,31.5,14.7,4.3,4.1,0.8,0.2,0.475,0.325,0.811
206,Juancho Hernangómez,27,42,14.6,2.9,2.9,0.6,0.4,0.1,0.421,0.254,0.563
207,Willy Hernangómez,28,38,12.1,6.9,4.7,0.9,0.4,0.3,0.527,0.273,0.779
208,Tyler Herro,23,67,34.9,20.1,5.4,4.2,0.8,0.2,0.439,0.378,0.934
209,Buddy Hield,30,80,31,16.8,5,2.8,1.2,0.3,0.458,0.425,0.822
210,Haywood Highsmith,26,54,17.9,4.4,3.5,0.8,0.7,0.3,0.431,0.339,0.464
211,George Hill,36,46,18.1,5,1.8,2.4,0.6,0.1,0.47,0.358,0.764
211,George Hill,36,35,19.1,5,1.9,2.5,0.5,0.1,0.447,0.311,0.739
211,George Hill,36,11,15.1,5.2,1.6,1.9,0.6,0.3,0.559,0.524,0.889
212,Malcolm Hill,27,5,1.8,1,0.6,0,0,0,0.5,0.333,0
213,Aaron Holiday,26,63,13.4,3.9,1.2,1.4,0.6,0.2,0.418,0.409,0.844
214,Jrue Holiday,32,67,32.6,19.3,5.1,7.4,1.2,0.4,0.479,0.384,0.859
215,Justin Holiday,33,46,15.3,4.5,1.2,0.9,0.4,0.4,0.377,0.322,0.625
215,Justin Holiday,33,28,14.7,4.5,0.8,0.9,0.2,0.4,0.384,0.345,0
215,Justin Holiday,33,18,16.4,4.4,1.8,0.9,0.8,0.5,0.367,0.286,0.625
216,Richaun Holmes,29,42,8.3,3.1,1.9,0.2,0.1,0.3,0.618,0.625,0.789
217,Al Horford,36,63,30.5,9.8,6.2,3,0.5,1,0.476,0.446,0.714
218,Talen Horton-Tucker,22,65,20.2,10.7,3.2,3.8,0.6,0.4,0.419,0.286,0.75
219,Danuel House Jr.,29,56,14.4,4.8,1.7,0.8,0.3,0.2,0.472,0.336,0.75
220,Caleb Houstan,20,51,15.9,3.8,1.9,0.6,0.2,0.1,0.363,0.338,0.833
221,Trevor Hudgins,23,5,5.6,1.8,0,0.6,0,0,0.222,0.25,1
222,Kevin Huerter,24,75,29.4,15.2,3.3,2.9,1.1,0.3,0.485,0.402,0.725
223,Jay Huff,24,7,13.6,7.3,3,1.4,0.4,0.6,0.6,0.5,0.938
224,De'Andre Hunter,25,67,31.7,15.4,4.2,1.4,0.5,0.3,0.461,0.35,0.826
225,Bones Hyland,22,56,19.4,11.8,2.4,3.1,0.7,0.3,0.399,0.371,0.843
225,Bones Hyland,22,42,19.5,12.1,2,3,0.7,0.3,0.399,0.378,0.866
225,Bones Hyland,22,14,18.9,10.8,3.5,3.4,0.8,0.1,0.401,0.351,0.75
226,Serge Ibaka,33,16,11.6,4.1,2.8,0.3,0.1,0.4,0.481,0.333,0.615
227,Andre Iguodala,39,8,14.1,2.1,2.1,2.4,0.5,0.4,0.467,0.111,0.667
228,Joe Ingles,35,46,22.7,6.9,2.8,3.3,0.7,0.1,0.435,0.409,0.857
229,Brandon Ingram,25,45,34.2,24.7,5.5,5.8,0.7,0.4,0.484,0.39,0.882
230,Kyrie Irving,30,60,37.4,27.1,5.1,5.5,1.1,0.8,0.494,0.379,0.905
230,Kyrie Irving,30,40,37,27.1,5.1,5.3,1,0.8,0.486,0.374,0.883
230,Kyrie Irving,30,20,38.2,27,5,6,1.3,0.6,0.51,0.392,0.947
231,Jonathan Isaac,25,11,11.3,5,4,0.5,1.3,0.4,0.415,0.4,0.556
232,Jaden Ivey,20,74,31.1,16.3,3.9,5.2,0.8,0.2,0.416,0.343,0.747
233,Frank Jackson,24,1,5,0,2,1,0,0,0,0,0
234,Isaiah Jackson,21,63,16.5,7.2,4.5,0.8,0.5,1.5,0.563,0.143,0.651
235,Jaren Jackson Jr.,23,63,28.4,18.6,6.8,1,1,3,0.506,0.355,0.788
236,Justin Jackson,27,23,4.7,0.9,0.7,0.4,0.2,0.2,0.259,0.25,0.5
237,Quenton Jackson,24,9,15,6.2,0.9,1.7,0.4,0.1,0.452,0.083,0.773
238,Reggie Jackson,32,68,24.4,10.2,2.1,3.4,0.7,0.1,0.411,0.333,0.91
238,Reggie Jackson,32,52,25.7,10.9,2.2,3.5,0.7,0.1,0.418,0.35,0.924
238,Reggie Jackson,32,16,19.9,7.9,1.8,3.1,0.6,0.1,0.383,0.279,0.833
239,LeBron James,38,55,35.5,28.9,8.3,6.8,0.9,0.6,0.5,0.321,0.768
240,Ty Jerome,25,45,18.1,6.9,1.7,3,0.5,0.1,0.488,0.389,0.927
241,Isaiah Joe,23,73,19.1,9.5,2.4,1.2,0.7,0.1,0.441,0.409,0.82
242,Alize Johnson,26,4,7.5,1.8,2.5,0.3,0.3,0,0.5,0,0.5
243,Cameron Johnson,26,42,28.5,15.5,4.4,1.9,1.2,0.3,0.47,0.404,0.842
243,Cameron Johnson,26,17,25.2,13.9,3.8,1.5,0.9,0.4,0.474,0.455,0.818
243,Cameron Johnson,26,25,30.8,16.6,4.8,2.1,1.4,0.3,0.468,0.372,0.851
244,Jalen Johnson,21,70,14.9,5.6,4,1.2,0.5,0.5,0.491,0.288,0.628
245,James Johnson,35,18,9,2.8,1.7,0.8,0.4,0.3,0.449,0.2,0.5
246,Keldon Johnson,23,63,32.7,22,5,2.9,0.7,0.2,0.452,0.329,0.749
247,Keon Johnson,20,40,10.4,4.7,1.1,1.5,0.5,0.2,0.376,0.346,0.659
248,Stanley Johnson,26,30,15.6,5.8,3.2,2.2,0.5,0.2,0.533,0.45,0.667
249,Nikola Joki?,27,69,33.7,24.5,11.8,9.8,1.3,0.7,0.632,0.383,0.822
250,Carlik Jones,25,7,8,2.9,0.7,0.9,0.3,0,0.4,0.5,0.625
251,Damian Jones,27,41,11.6,3.5,3,0.4,0.2,0.5,0.64,0.588,0.759
251,Damian Jones,27,22,8,2.5,2.5,0.2,0.1,0.5,0.541,0,0.75
251,Damian Jones,27,19,15.8,4.6,3.5,0.6,0.3,0.5,0.714,0.714,0.778
252,Derrick Jones Jr.,25,64,14,5,2.4,0.5,0.5,0.6,0.5,0.338,0.738
253,Herbert Jones,24,66,29.6,9.8,4.1,2.5,1.6,0.6,0.469,0.335,0.764
254,Kai Jones,22,46,12,3.4,2.7,0.3,0.4,0.7,0.558,0.211,0.731
255,Tre Jones,23,68,29.2,12.9,3.6,6.6,1.3,0.1,0.459,0.285,0.86
256,Tyus Jones,26,80,24.3,10.3,2.5,5.2,1,0.1,0.438,0.371,0.8
257,DeAndre Jordan,34,39,15,5.1,5.2,0.9,0.3,0.6,0.765,1,0.458
258,Cory Joseph,31,62,19.8,6.9,1.7,3.5,0.5,0.1,0.427,0.389,0.792
259,Nikola Jovi?,19,15,13.6,5.5,2.1,0.7,0.5,0.1,0.406,0.229,0.947
260,Johnny Juzang,21,18,12.9,4.8,2.2,0.4,0.2,0.2,0.337,0.238,0.5
261,Mfiondu Kabengele,25,4,9,1.5,2.5,0,0.5,0,0.286,0,1
262,Frank Kaminsky,29,36,6.5,2.5,1.4,0.9,0.2,0.1,0.492,0.394,0.875
262,Frank Kaminsky,29,26,6.8,2.7,1.4,0.8,0.2,0,0.568,0.478,0.833
262,Frank Kaminsky,29,10,5.9,1.8,1.6,1.1,0.1,0.3,0.316,0.2,1
263,Trevor Keels,19,3,2.7,1,0.7,0,0,0,0.25,0.25,0
264,Luke Kennard,26,59,22.3,9.3,2.7,1.5,0.5,0.1,0.492,0.494,0.949
264,Luke Kennard,26,35,20.7,7.8,2.4,1.1,0.5,0.1,0.464,0.447,0.95
264,Luke Kennard,26,24,24.6,11.3,3.1,2.3,0.5,0,0.526,0.54,0.947
265,Walker Kessler,21,74,23,9.2,8.4,0.9,0.4,2.3,0.72,0.333,0.516
266,Braxton Key,25,3,3,1.3,0.3,0,0,0,1,0,1
267,Louis King,23,1,29,20,4,2,1,0,0.615,0.5,0
268,Corey Kispert,23,74,28.3,11.1,2.8,1.2,0.4,0.1,0.497,0.424,0.852
269,Maxi Kleber,31,37,25.1,5.9,3.6,1.4,0.3,0.8,0.456,0.348,0.711
270,Nathan Knight,25,38,7.7,3.7,1.5,0.3,0.3,0.2,0.568,0.364,0.684
271,Kevin Knox,23,63,15.1,6.6,2.8,0.5,0.4,0.2,0.458,0.349,0.767
271,Kevin Knox,23,42,14.1,5.6,2.6,0.4,0.3,0.3,0.469,0.371,0.788
271,Kevin Knox,23,21,17.1,8.5,3.3,0.9,0.5,0,0.444,0.314,0.741
272,Christian Koloko,22,58,13.8,3.1,2.9,0.5,0.4,1,0.48,0.083,0.627
273,John Konchar,26,72,20.8,5.1,4.3,1.4,1.1,0.3,0.431,0.339,0.778
274,Furkan Korkmaz,25,37,9.5,3.8,1.1,0.6,0.3,0.1,0.432,0.391,0.722
275,Luke Kornet,27,69,11.7,3.8,2.9,0.8,0.2,0.7,0.665,0.231,0.821
276,Vit Krejci,22,29,5.7,1.2,0.9,0.6,0.2,0,0.405,0.238,0.5
277,Jonathan Kuminga,20,67,20.8,9.9,3.4,1.9,0.6,0.5,0.525,0.37,0.652
278,Kyle Kuzma,27,64,35,21.2,7.2,3.7,0.6,0.5,0.448,0.333,0.73
279,Anthony Lamb,25,62,19.3,6.7,3.5,1.5,0.5,0.3,0.471,0.367,0.767
280,Jock Landale,27,69,14.2,6.6,4.1,1,0.2,0.4,0.528,0.25,0.752
281,Romeo Langford,23,43,19.6,6.9,2.7,1.2,0.6,0.3,0.467,0.262,0.696
282,Jake LaRavia,21,35,11.8,3,1.8,0.6,0.3,0.1,0.389,0.338,0.778
283,Zach LaVine,27,77,35.9,24.8,4.5,4.2,0.9,0.2,0.485,0.375,0.848
284,A.J. Lawson,22,15,7.2,3.7,1.4,0.1,0.1,0,0.5,0.4,0.25
284,A.J. Lawson,22,1,2,2,1,0,0,0,1,0,0
284,A.J. Lawson,22,14,7.6,3.9,1.4,0.1,0.1,0,0.488,0.4,0.25
285,Damion Lee,30,74,20.4,8.2,3,1.3,0.4,0.1,0.442,0.445,0.904
286,Saben Lee,23,25,14.9,6,1.8,2.7,0.8,0,0.405,0.367,0.737
286,Saben Lee,23,2,5,3,0,1,0.5,0,0.75,0,0
286,Saben Lee,23,23,15.8,6.3,2,2.8,0.8,0,0.393,0.379,0.737
287,Alex Len,29,26,6.2,1.7,2.3,0.5,0.2,0.4,0.533,0,0.688
288,Kawhi Leonard,31,52,33.6,23.8,6.5,3.9,1.4,0.5,0.512,0.416,0.871
289,Meyers Leonard,30,9,12.7,4.8,3.8,0.1,0.2,0,0.483,0.389,0.889
290,Caris LeVert,28,74,30.2,12.1,3.8,3.9,1,0.3,0.431,0.392,0.722
291,Kira Lewis Jr.,21,25,9.4,4.6,1.3,0.9,0.4,0.1,0.455,0.441,0.864
292,Damian Lillard,32,58,36.3,32.2,4.8,7.3,0.9,0.3,0.463,0.371,0.914
293,Nassir Little,22,54,18.1,6.6,2.6,0.9,0.4,0.4,0.442,0.367,0.717
294,Isaiah Livers,24,52,23.1,6.7,2.8,0.8,0.5,0.5,0.417,0.365,0.821
295,Kenneth Lofton Jr.,20,24,7.3,5,2.1,0.8,0.2,0.1,0.527,0.353,0.593
296,Kevon Looney,26,82,23.9,7,9.3,2.5,0.6,0.6,0.63,0,0.606
297,Brook Lopez,34,78,30.4,15.9,6.7,1.3,0.5,2.5,0.531,0.374,0.784
298,Robin Lopez,34,37,8.1,3,1.4,0.5,0.1,0.2,0.64,0.5,0.778
299,Kevin Love,34,62,20,8.2,6.4,1.9,0.3,0.2,0.389,0.334,0.879
299,Kevin Love,34,41,20,8.5,6.8,1.9,0.2,0.2,0.389,0.354,0.889
299,Kevin Love,34,21,20,7.7,5.7,1.9,0.4,0.2,0.388,0.297,0.857
300,Kyle Lowry,36,55,31.2,11.2,4.1,5.1,1,0.4,0.404,0.345,0.859
301,Trey Lyles,27,74,16.9,7.6,4.1,0.9,0.4,0.4,0.458,0.363,0.815
302,Théo Maledon,21,44,19.4,6.7,2.8,3.5,0.8,0.3,0.402,0.295,0.851
303,Sandro Mamukelashvili,23,43,15.3,6.1,4.3,1.4,0.3,0.3,0.422,0.303,0.684
303,Sandro Mamukelashvili,23,24,9,2.4,2.3,0.7,0.2,0.2,0.328,0.219,0.667
303,Sandro Mamukelashvili,23,19,23.3,10.8,6.8,2.4,0.5,0.4,0.453,0.343,0.692
304,Terance Mann,26,81,23.1,8.8,3.4,2.3,0.5,0.3,0.519,0.389,0.78
305,Tre Mann,21,67,17.7,7.7,2.3,1.8,0.6,0.2,0.393,0.315,0.764
306,Boban Marjanovi?,34,31,5.5,3.3,1.9,0.3,0.2,0.1,0.683,0,0.741
307,Lauri Markkanen,25,66,34.4,25.6,8.6,1.9,0.6,0.6,0.499,0.391,0.875
308,Naji Marshall,25,77,23.3,9.1,3.6,2.5,0.7,0.2,0.433,0.303,0.789
309,Caleb Martin,27,71,29.3,9.6,4.8,1.6,1,0.4,0.464,0.356,0.805
310,Cody Martin,27,7,19.1,5,3.4,1.6,0.6,0.1,0.389,0.214,0.571
311,Kenyon Martin Jr.,22,82,28,12.7,5.5,1.5,0.5,0.4,0.569,0.315,0.68
312,Tyrese Martin,23,16,4.1,1.3,0.8,0.1,0.1,0,0.391,0.143,1
313,Garrison Mathews,26,54,12.7,4.8,1.4,0.5,0.4,0.1,0.363,0.35,0.906
313,Garrison Mathews,26,45,13.4,4.8,1.4,0.5,0.5,0.1,0.353,0.342,0.911
313,Garrison Mathews,26,9,9.3,4.8,1.2,0.3,0.1,0.1,0.419,0.4,0.875
314,Bennedict Mathurin,20,78,28.5,16.7,4.1,1.5,0.6,0.2,0.434,0.323,0.828
315,Wesley Matthews,36,52,15.8,3.4,2.2,0.7,0.4,0.3,0.363,0.315,0.857
316,Tyrese Maxey,22,60,33.6,20.3,2.9,3.5,0.8,0.1,0.481,0.434,0.845
317,Skylar Mays,25,6,31.5,15.3,3.2,8.3,1,0.2,0.5,0.462,0.923
318,Miles McBride,22,64,11.9,3.5,0.8,1.1,0.6,0.1,0.358,0.299,0.667
319,Mac McClung,24,2,20.5,12.5,5,4.5,0,0,0.45,0.364,0.6
320,CJ McCollum,31,75,35.3,20.9,4.4,5.7,0.9,0.5,0.437,0.389,0.769
321,T.J. McConnell,30,75,20.3,8.7,3.1,5.3,1.1,0.1,0.543,0.441,0.853
322,Jaden McDaniels,22,79,30.6,12.1,3.9,1.9,0.9,1,0.517,0.398,0.736
323,Jalen McDaniels,25,80,23.9,9.4,4.3,1.6,1,0.4,0.455,0.332,0.841
323,Jalen McDaniels,25,56,26.7,10.6,4.8,2,1.2,0.5,0.447,0.322,0.846
323,Jalen McDaniels,25,24,17.5,6.7,3.2,0.8,0.7,0.2,0.488,0.4,0.824
324,Doug McDermott,31,64,20.5,10.2,2.2,1.4,0.2,0.1,0.457,0.413,0.757
325,JaVale McGee,35,42,8.5,4.4,2.5,0.3,0.1,0.6,0.64,0.4,0.585
326,Bryce McGowens,20,46,17.1,5.3,2,1.2,0.3,0.1,0.396,0.325,0.75
327,Rodney McGruder,31,32,16.4,5.7,2.3,0.9,0.5,0,0.408,0.423,0.818
328,Jordan McLaughlin,26,43,15.8,3.7,1.4,3.4,0.7,0.1,0.421,0.308,0.833
329,De'Anthony Melton,24,77,27.9,10.1,4.1,2.6,1.6,0.5,0.425,0.39,0.793
330,Sam Merrill,26,5,11.8,5,1.8,1,0.8,0,0.409,0.278,1
331,Chimezie Metu,25,66,10.4,4.9,3,0.6,0.3,0.3,0.589,0.237,0.74
332,Khris Middleton,31,33,24.3,15.1,4.2,4.9,0.7,0.2,0.436,0.315,0.902
333,Patty Mills,34,40,14.2,6.2,1.1,1.4,0.4,0.1,0.411,0.366,0.833
334,Shake Milton,26,76,20.6,8.4,2.5,3.2,0.3,0.2,0.479,0.378,0.853
335,Justin Minaya,23,4,22.3,4.3,3.8,1,0.5,1.3,0.304,0.25,0
336,Josh Minott,20,15,6.4,3.1,1.7,0.3,0.3,0.4,0.5,0.333,1
337,Davion Mitchell,24,80,18.1,5.6,1.3,2.3,0.6,0.2,0.454,0.32,0.806
338,Donovan Mitchell,26,68,35.8,28.3,4.3,4.4,1.5,0.4,0.484,0.386,0.867
339,Evan Mobley,21,79,34.4,16.2,9,2.8,0.8,1.5,0.554,0.216,0.674
340,Isaiah Mobley,23,13,6.5,2.4,1.5,0.2,0.3,0.2,0.429,0.375,1
341,Chima Moneke,27,2,4,1,1,0.5,0,0,0.5,0,0
342,Malik Monk,24,77,22.3,13.5,2.6,3.9,0.6,0.3,0.448,0.359,0.889
343,Moses Moody,20,63,13,4.8,1.7,0.8,0.3,0.1,0.476,0.363,0.698
344,Xavier Moon,28,4,5,1.8,0.8,1.3,0,0,0.333,0.333,0
345,Wendell Moore Jr.,21,29,5.3,1.4,0.6,0.6,0.3,0.2,0.419,0.118,0.8
346,Ja Morant,23,61,31.9,26.2,5.9,8.1,1.1,0.3,0.466,0.307,0.748
347,Marcus Morris,33,65,28.1,11.2,4,1.8,0.6,0.3,0.426,0.364,0.782
348,Markieff Morris,33,35,10.1,3.8,2,0.9,0.3,0.1,0.409,0.394,1
348,Markieff Morris,33,27,10.6,3.6,2.2,0.9,0.3,0.2,0.402,0.408,1
348,Markieff Morris,33,8,8.8,4.5,1.5,0.8,0.1,0,0.424,0.364,0
349,Monte Morris,27,62,27.3,10.3,3.4,5.3,0.7,0.2,0.48,0.382,0.831
350,Trey Murphy III,22,79,31,14.5,3.6,1.4,1.1,0.5,0.484,0.406,0.905
351,Dejounte Murray,26,74,36.4,20.5,5.3,6.1,1.5,0.3,0.464,0.344,0.832
352,Jamal Murray,25,65,32.8,20,4,6.2,1,0.2,0.454,0.398,0.833
353,Keegan Murray,22,80,29.8,12.2,4.6,1.2,0.8,0.5,0.453,0.411,0.765
354,Mike Muscala,31,63,15,6.1,3.2,0.8,0.2,0.4,0.449,0.391,0.769
354,Mike Muscala,31,43,14.5,6.2,3.1,0.9,0.3,0.4,0.438,0.394,0.795
354,Mike Muscala,31,20,16.2,5.9,3.4,0.6,0.2,0.3,0.472,0.385,0.692
355,Svi Mykhailiuk,25,32,14.6,6.9,1.7,1.7,0.5,0.1,0.445,0.424,0.667
355,Svi Mykhailiuk,25,13,3.1,1.6,0.5,0.1,0.1,0,0.5,0.6,0.6
355,Svi Mykhailiuk,25,19,22.5,10.6,2.4,2.7,0.7,0.2,0.441,0.404,0.676
356,Larry Nance Jr.,30,65,21.2,6.8,5.4,1.8,0.9,0.6,0.61,0.333,0.696
357,Andrew Nembhard,23,75,27.6,9.5,2.7,4.5,0.9,0.2,0.441,0.35,0.79
358,Aaron Nesmith,23,73,24.9,10.1,3.8,1.3,0.8,0.5,0.427,0.366,0.838
359,Raul Neto,30,48,10.5,3.3,1,1.6,0.4,0.1,0.518,0.286,0.912
360,Georges Niang,29,78,19.4,8.2,2.4,1,0.4,0.2,0.442,0.401,0.867
361,Daishen Nix,20,57,16,4,1.7,2.3,0.5,0.1,0.342,0.286,0.667
362,Zeke Nnaji,22,53,13.7,5.2,2.6,0.3,0.3,0.4,0.561,0.262,0.645
363,Nerlens Noel,28,17,11.5,2.1,2.7,0.6,0.9,0.6,0.361,0.5,0.667
363,Nerlens Noel,28,14,10.9,2.3,2.6,0.5,0.9,0.6,0.4,0.5,0.7
363,Nerlens Noel,28,3,14.3,1,3,1,1,0.3,0.167,0,0.5
364,Jaylen Nowell,23,65,19.3,10.8,2.6,2,0.6,0.1,0.448,0.289,0.778
365,Frank Ntilikina,24,47,12.9,2.9,1.3,1.2,0.3,0.1,0.364,0.254,0.667
366,Kendrick Nunn,27,70,13.8,7.1,1.6,1.3,0.4,0.1,0.424,0.354,0.854
366,Kendrick Nunn,27,39,13.5,6.7,1.4,0.9,0.3,0.1,0.406,0.325,0.81
366,Kendrick Nunn,27,31,14.1,7.5,1.7,1.8,0.5,0.1,0.447,0.392,0.9
367,Jusuf Nurki?,28,52,26.8,13.3,9.1,2.9,0.8,0.8,0.519,0.361,0.661
368,Jordan Nwora,24,62,19.2,8.7,3.7,1.4,0.4,0.2,0.436,0.408,0.791
368,Jordan Nwora,24,38,15.7,6,3.1,1,0.3,0.2,0.386,0.392,0.86
368,Jordan Nwora,24,24,24.6,13,4.7,2.1,0.5,0.3,0.476,0.422,0.721
369,Royce O'Neale,29,76,31.7,8.8,5.1,3.7,0.9,0.6,0.386,0.389,0.725
370,Chuma Okeke,24,27,19.2,4.7,3.6,1.4,0.7,0.4,0.352,0.302,0.762
371,Josh Okogie,24,72,18.8,7.3,3.5,1.5,0.8,0.5,0.391,0.335,0.724
372,Onyeka Okongwu,22,80,23.1,9.9,7.2,1,0.7,1.3,0.638,0.308,0.781
373,Isaac Okoro,22,76,21.7,6.4,2.5,1.1,0.7,0.4,0.494,0.363,0.757
374,KZ Okpala,23,35,7.1,1.3,1,0.4,0.2,0.2,0.421,0.333,0.875
375,Victor Oladipo,30,42,26.3,10.7,3,3.5,1.4,0.3,0.397,0.33,0.747
376,Kelly Olynyk,31,68,28.6,12.5,6.2,3.7,0.9,0.5,0.499,0.394,0.853
377,Eugene Omoruyi,25,40,16.1,7,2.8,0.7,0.7,0.1,0.443,0.281,0.68
377,Eugene Omoruyi,25,23,11.8,4.9,2.3,0.5,0.6,0,0.468,0.258,0.607
377,Eugene Omoruyi,25,17,21.9,9.7,3.5,1,0.8,0.2,0.425,0.293,0.723
378,Cedi Osman,27,77,20.1,8.7,2.3,1.5,0.5,0.1,0.451,0.372,0.694
379,Kelly Oubre Jr.,27,48,32.3,20.3,5.2,1.1,1.4,0.4,0.431,0.319,0.76
380,Chris Paul,37,59,32,13.9,4.3,8.9,1.5,0.4,0.44,0.375,0.831
381,Cameron Payne,28,48,20.2,10.3,2.2,4.5,0.7,0.2,0.415,0.368,0.766
382,Gary Payton II,30,22,16.7,4.6,3.1,1.4,1,0.2,0.594,0.5,0.857
382,Gary Payton II,30,15,17,4.1,2.6,1.5,1.1,0.1,0.585,0.529,1
382,Gary Payton II,30,7,16,5.7,4.3,1.1,0.9,0.6,0.607,0.444,0.667
383,Theo Pinson,27,40,8.1,2.4,1.6,1.2,0.2,0,0.356,0.355,0.846
384,Scotty Pippen Jr.,22,6,5.3,2.3,0.7,0.3,0.3,0.2,0.333,0.333,0.556
385,Mason Plumlee,32,79,26,10.8,8.9,3.1,0.6,0.6,0.68,0,0.636
385,Mason Plumlee,32,56,28.5,12.2,9.7,3.7,0.6,0.6,0.669,0,0.605
385,Mason Plumlee,32,23,19.9,7.5,6.9,1.7,0.5,0.5,0.727,0,0.772
386,Jakob Poeltl,27,72,26.5,12.5,9.1,2.7,0.9,1.2,0.629,0,0.592
386,Jakob Poeltl,27,46,26.1,12.1,9,3.1,0.8,1.1,0.616,0,0.605
386,Jakob Poeltl,27,26,27.2,13.1,9.1,2.2,1.2,1.3,0.652,0,0.569
387,Aleksej Pokusevski,21,34,20.6,8.1,4.7,1.9,0.6,1.3,0.434,0.365,0.629
388,Jordan Poole,23,82,30,20.4,2.7,4.5,0.8,0.3,0.43,0.336,0.87
389,Kevin Porter Jr.,22,59,34.3,19.2,5.3,5.7,1.4,0.3,0.442,0.366,0.784
390,Michael Porter Jr.,24,62,29,17.4,5.5,1,0.6,0.5,0.487,0.414,0.8
391,Otto Porter Jr.,29,8,18.3,5.5,2.4,1,1.4,0,0.5,0.353,1
392,Bobby Portis,27,70,26,14.1,9.6,1.5,0.4,0.2,0.496,0.37,0.768
393,Kristaps Porzi??is,27,65,32.6,23.2,8.4,2.7,0.9,1.5,0.498,0.385,0.851
394,Micah Potter,24,7,7.4,3.4,2.3,0.6,0.1,0,0.667,0.571,0
395,Dwight Powell,31,76,19.2,6.7,4.1,0.9,0.6,0.3,0.732,0,0.667
396,Norman Powell,29,60,26.1,17,2.9,1.8,0.8,0.3,0.479,0.397,0.812
397,Jason Preston,23,14,8.9,2.9,1.6,1.9,0.1,0,0.439,0.278,0
398,Joshua Primo,20,4,23.3,7,3.3,4.5,0.3,0.5,0.346,0.25,0.778
399,Taurean Prince,28,54,22.1,9.1,2.4,1.6,0.5,0.3,0.467,0.381,0.844
400,Payton Pritchard,25,48,13.4,5.6,1.8,1.3,0.3,0,0.412,0.364,0.75
401,Trevelin Queen,25,7,10,3,2.4,0.9,0.3,0.7,0.241,0.133,1
402,Neemias Queta,23,5,5.8,2.4,2.2,0.2,0,0.4,0.667,0,0
403,Immanuel Quickley,23,81,28.9,14.9,4.2,3.4,1,0.2,0.448,0.37,0.819
404,Lester Quinones,22,4,4.5,2.5,0.8,0.5,0.3,0,0.4,0.5,0.667
405,Julius Randle,28,77,35.5,25.1,10,4.1,0.6,0.3,0.459,0.343,0.757
406,Austin Reaves,24,64,28.8,13,3,3.4,0.5,0.3,0.529,0.398,0.864
407,Cam Reddish,23,40,24.8,9.7,2.2,1.4,1,0.4,0.446,0.313,0.853
407,Cam Reddish,23,20,21.9,8.4,1.6,1,0.8,0.4,0.449,0.304,0.879
407,Cam Reddish,23,20,27.6,11,2.9,1.9,1.2,0.3,0.443,0.318,0.833
408,Davon Reed,27,43,8,2.1,1.4,0.5,0.3,0.1,0.333,0.37,0.667
408,Davon Reed,27,35,9,2.3,1.6,0.5,0.4,0.1,0.313,0.364,0.75
408,Davon Reed,27,8,3.4,1,0.5,0.5,0.3,0,0.75,0.5,0.25
409,Paul Reed,23,69,10.9,4.2,3.8,0.4,0.7,0.7,0.593,0.167,0.745
410,Naz Reid,23,68,18.4,11.5,4.9,1.1,0.6,0.8,0.537,0.346,0.677
411,Jared Rhoden,23,14,14.1,3.2,2.6,0.3,0.3,0.1,0.386,0.25,1
412,Nick Richards,25,65,18.7,8.2,6.4,0.6,0.2,1.1,0.629,1,0.749
413,Josh Richardson,29,65,23.5,10.1,2.7,2.7,1.1,0.3,0.431,0.365,0.852
413,Josh Richardson,29,42,23.7,11.5,2.8,3.3,1,0.3,0.436,0.357,0.883
413,Josh Richardson,29,23,23.2,7.5,2.4,1.6,1.3,0.4,0.419,0.384,0.762
414,Austin Rivers,30,52,19.5,4.9,1.6,1.4,0.5,0.1,0.435,0.35,0.769
415,Duncan Robinson,28,42,16.5,6.4,1.6,1.1,0.3,0,0.371,0.328,0.906
416,Mitchell Robinson,24,59,27,7.4,9.4,0.9,0.9,1.8,0.671,0,0.484
417,Orlando Robinson,22,31,13.7,3.7,4.1,0.8,0.4,0.4,0.528,0,0.71
418,Jeremiah Robinson-Earl,22,43,18.9,6.8,4.2,1,0.6,0.3,0.444,0.333,0.833
419,Isaiah Roby,24,42,11.3,4.1,2.5,0.9,0.4,0.2,0.432,0.3,0.488
420,David Roddy,21,70,18,6.7,2.8,0.8,0.4,0.3,0.429,0.307,0.631
421,Ryan Rollins,20,12,5.2,1.9,1,0.5,0.1,0.1,0.35,0.333,1
422,Derrick Rose,34,27,12.5,5.6,1.5,1.7,0.3,0.2,0.384,0.302,0.917
423,Terrence Ross,31,63,21.1,8.3,2.4,1.5,0.6,0.2,0.43,0.368,0.794
423,Terrence Ross,31,42,22.5,8,2,1.3,0.6,0.2,0.431,0.381,0.75
423,Terrence Ross,31,21,18.4,9,3.3,2,0.5,0.1,0.428,0.347,0.857
424,Terry Rozier,28,63,35.3,21.1,4.1,5.1,1.2,0.3,0.415,0.327,0.809
425,Ricky Rubio,32,33,17.2,5.2,2.1,3.5,0.8,0.2,0.343,0.256,0.8
426,D'Angelo Russell,26,71,32.5,17.8,3,6.2,1,0.4,0.469,0.396,0.829
426,D'Angelo Russell,26,54,32.9,17.9,3.1,6.2,1.1,0.4,0.465,0.391,0.856
426,D'Angelo Russell,26,17,30.9,17.4,2.9,6.1,0.6,0.5,0.484,0.414,0.735
427,Matt Ryan,25,34,9.1,3.6,0.8,0.5,0.1,0,0.37,0.381,0.833
427,Matt Ryan,25,12,10.8,3.9,1.2,0.3,0.2,0,0.306,0.371,0.8
427,Matt Ryan,25,22,8.2,3.4,0.5,0.5,0.1,0,0.424,0.388,0.857
428,Domantas Sabonis,26,79,34.6,19.1,12.3,7.3,0.8,0.5,0.615,0.373,0.742
429,Luka Šamani?,23,7,23,9.9,4.3,2.1,0.9,0.3,0.456,0.258,0.692
430,Dario Šari?,28,57,14.1,6.4,3.6,1.3,0.4,0.1,0.458,0.391,0.829
430,Dario Šari?,28,37,14.4,5.8,3.8,1.5,0.4,0.1,0.427,0.391,0.818
430,Dario Šari?,28,20,13.7,7.4,3.3,0.9,0.4,0.1,0.515,0.391,0.844
431,Olivier Sarr,23,9,12.7,4,3.4,0.4,0.1,0.6,0.5,0.125,0.714
432,Jordan Schakel,24,2,3,1.5,0,0.5,0.5,0,0.5,1,0
433,Admiral Schofield,25,37,12.2,4.2,1.7,0.8,0.2,0.1,0.451,0.324,0.913
434,Dennis Schröder,29,66,30.1,12.6,2.5,4.5,0.8,0.2,0.415,0.329,0.857
435,Jay Scrubb,22,2,15,6.5,3,0.5,1,0,0.714,1,0.5
436,Dereon Seabron,22,5,2.4,0.8,0.2,0,0,0,0.4,0,0
437,Alperen Þengün,20,75,28.9,14.8,9,3.9,0.9,0.9,0.553,0.333,0.715
438,Collin Sexton,24,48,23.9,14.3,2.2,2.9,0.6,0.1,0.506,0.393,0.819
439,Landry Shamet,25,40,20.2,8.7,1.7,2.3,0.7,0.1,0.377,0.377,0.882
440,Day'Ron Sharpe,21,48,11.5,4.7,4.2,0.8,0.3,0.7,0.544,0.545,0.636
441,Shaedon Sharpe,19,80,22.2,9.9,3,1.2,0.5,0.3,0.472,0.36,0.714
442,Pascal Siakam,28,71,37.4,24.2,7.8,5.8,0.9,0.5,0.48,0.324,0.774
443,Chris Silva,26,1,3,2,0,0,0,0,1,0,0
444,Ben Simmons,26,42,26.3,6.9,6.3,6.1,1.3,0.6,0.566,0,0.439
445,Kobi Simmons,25,5,5.6,1,0.8,1,0,0.4,0.167,0.2,1
446,Marko Simonovic,23,7,2.9,0.9,0.3,0,0,0,0.286,0.25,0.5
447,Anfernee Simons,23,62,35,21.1,2.6,4.1,0.7,0.2,0.447,0.377,0.894
448,Jericho Sims,24,52,15.6,3.4,4.7,0.5,0.3,0.5,0.776,0,0.75
449,Marcus Smart,28,61,32.1,11.5,3.1,6.3,1.5,0.4,0.415,0.336,0.746
450,Dennis Smith Jr.,25,54,25.7,8.8,3.1,4.8,1.4,0.5,0.412,0.216,0.736
451,Dru Smith,25,15,10.5,2.9,1.6,1.5,0.7,0.3,0.4,0.263,1
451,Dru Smith,25,5,13.4,2.2,1.8,1,0.8,0.6,0.357,0.167,0
451,Dru Smith,25,10,9.1,3.3,1.5,1.7,0.6,0.1,0.419,0.308,1
452,Ish Smith,34,43,9.3,2.5,1.3,2.3,0.2,0.2,0.397,0.167,0.5
453,Jabari Smith Jr.,19,79,31,12.8,7.2,1.3,0.5,0.9,0.408,0.307,0.786
454,Jalen Smith,22,68,18.8,9.4,5.8,1,0.3,0.9,0.476,0.283,0.759
455,Xavier Sneed,25,4,12,4.3,1.3,1.3,0,0.3,0.5,0.5,1
456,Jeremy Sochan,19,56,26,11,5.3,2.5,0.8,0.4,0.453,0.246,0.698
457,Jaden Springer,20,16,5.6,2.6,0.9,0.5,0.4,0.2,0.486,0.4,0.75
458,Lamar Stevens,25,62,18.1,5.3,3.3,0.5,0.4,0.3,0.448,0.316,0.702
459,Isaiah Stewart,21,50,28.3,11.3,8.1,1.4,0.4,0.7,0.442,0.327,0.738
460,Max Strus,26,80,28.4,11.5,3.2,2.1,0.5,0.2,0.41,0.35,0.876
461,Jalen Suggs,21,53,23.5,9.9,3,2.9,1.3,0.5,0.419,0.327,0.723
462,Edmond Sumner,27,53,13.9,7.1,1.5,1.3,0.6,0.2,0.461,0.356,0.917
463,Cole Swider,23,7,5.9,1.3,1,0.6,0,0,0.333,0.375,0
464,Jae'Sean Tate,27,31,21.8,9.1,3.8,2.7,0.7,0.2,0.48,0.283,0.725
465,Jayson Tatum,24,74,36.9,30.1,8.8,4.6,1.1,0.7,0.466,0.35,0.854
466,Terry Taylor,23,31,8.5,2.9,1.5,0.3,0.1,0.2,0.52,0.263,0.545
466,Terry Taylor,23,26,8.8,2.7,1.5,0.4,0.1,0.2,0.462,0.222,0.714
466,Terry Taylor,23,5,7.2,4,1.6,0,0,0.2,0.9,1,0.25
467,Garrett Temple,36,25,6.5,2,0.7,0.5,0.4,0.1,0.4,0.423,0.75
468,Dalen Terry,20,38,5.6,2.2,1,0.6,0.3,0.1,0.444,0.259,0.667
469,Daniel Theis,30,7,15.6,7,3.1,1.3,0.3,0.9,0.477,0.182,0.417
470,Cam Thomas,21,57,16.6,10.6,1.7,1.4,0.4,0.1,0.441,0.383,0.868
471,Klay Thompson,32,69,33,21.9,4.1,2.4,0.7,0.4,0.436,0.412,0.879
472,JT Thor,20,69,14,3.8,2.2,0.5,0.3,0.3,0.399,0.317,0.702
473,Matisse Thybulle,25,71,16.9,4.1,2,0.7,1.2,0.5,0.435,0.365,0.679
473,Matisse Thybulle,25,49,12.1,2.7,1.3,0.5,0.9,0.3,0.431,0.333,0.75
473,Matisse Thybulle,25,22,27.7,7.4,3.5,1.4,1.7,0.8,0.438,0.388,0.625
474,Xavier Tillman Sr.,24,61,19.3,7,5,1.6,1,0.5,0.614,0.267,0.551
475,Isaiah Todd,21,6,10.2,1.5,2,0.7,0.2,0,0.158,0.1,1
476,Obi Toppin,24,67,15.7,7.4,2.8,1,0.3,0.2,0.446,0.344,0.809
477,Juan Toscano-Anderson,29,52,13.5,3,2.4,1.3,0.3,0.2,0.448,0.186,0.792
477,Juan Toscano-Anderson,29,30,12.2,2.7,2,0.8,0.3,0.2,0.5,0.2,0.733
477,Juan Toscano-Anderson,29,22,15.2,3.4,2.9,1.8,0.3,0.1,0.403,0.174,0.889
478,Karl-Anthony Towns,27,29,33,20.8,8.1,4.8,0.7,0.6,0.495,0.366,0.874
479,Gary Trent Jr.,24,66,32.1,17.4,2.6,1.6,1.6,0.2,0.433,0.369,0.839
480,P.J. Tucker,37,75,25.6,3.5,3.9,0.8,0.5,0.2,0.427,0.393,0.826
481,Myles Turner,26,62,29.4,18,7.5,1.4,0.6,2.3,0.548,0.373,0.783
482,Stanley Umude,23,1,2,2,0,0,1,1,0,0,1
483,Jonas Valan?i?nas,30,79,24.9,14.1,10.2,1.8,0.3,0.7,0.547,0.349,0.826
484,Jarred Vanderbilt,23,78,24.1,7.9,7.5,2.4,1.1,0.3,0.548,0.322,0.691
484,Jarred Vanderbilt,23,52,24.1,8.3,7.9,2.7,1,0.3,0.556,0.333,0.657
484,Jarred Vanderbilt,23,26,24,7.2,6.7,1.6,1.2,0.2,0.529,0.303,0.784
485,Fred VanVleet,28,69,36.7,19.3,4.1,7.2,1.8,0.6,0.393,0.342,0.898
486,Devin Vassell,22,38,31,18.5,3.9,3.6,1.1,0.4,0.439,0.387,0.78
487,Gabe Vincent,26,68,25.9,9.4,2.1,2.5,0.9,0.1,0.402,0.334,0.872
488,Noah Vonleh,27,23,7.4,1.1,2.1,0.3,0.1,0.3,0.458,0.25,1
489,Nikola Vu?evi?,32,82,33.5,17.6,11,3.2,0.7,0.7,0.52,0.349,0.835
490,Dean Wade,26,44,20.3,4.7,3.4,0.8,0.6,0.5,0.412,0.354,0.652
491,Franz Wagner,21,80,32.6,18.6,4.1,3.5,1,0.2,0.485,0.361,0.842
492,Moritz Wagner,25,57,19.5,10.5,4.5,1.5,0.6,0.2,0.5,0.313,0.841
493,Ish Wainright,28,60,15.3,4.2,2.3,0.9,0.6,0.4,0.37,0.329,0.839
494,Jabari Walker,20,56,11.1,3.9,2.3,0.6,0.2,0.2,0.419,0.286,0.756
495,Kemba Walker,32,9,16,8,1.8,2.1,0.2,0.2,0.421,0.25,0.81
496,Lonnie Walker IV,24,56,23.2,11.7,1.9,1.1,0.5,0.3,0.448,0.365,0.858
497,John Wall,32,34,22.2,11.4,2.7,5.2,0.8,0.4,0.408,0.303,0.681
498,T.J. Warren,29,42,16.4,7.5,2.9,1,0.5,0.3,0.489,0.328,0.8
498,T.J. Warren,29,26,18.8,9.5,2.8,1.1,0.6,0.3,0.51,0.333,0.818
498,T.J. Warren,29,16,12.3,4.2,3.1,0.7,0.4,0.3,0.429,0.316,0.5
499,Duane Washington Jr.,22,31,12.7,7.9,1.2,2,0.2,0.1,0.367,0.36,0.667
500,P.J. Washington,24,73,32.6,15.7,4.9,2.4,0.9,1.1,0.444,0.348,0.73
501,TyTy Washington Jr.,21,31,14,4.7,1.5,1.5,0.5,0.1,0.363,0.238,0.556
502,Yuta Watanabe,28,58,16,5.6,2.4,0.8,0.4,0.3,0.491,0.444,0.723
503,Lindy Waters III,25,41,13,5.2,1.8,0.7,0.3,0.3,0.393,0.358,0.8
504,Trendon Watford,22,62,19.1,7.4,3.8,2.1,0.5,0.2,0.56,0.391,0.72
505,Peyton Watson,20,23,8.1,3.3,1.6,0.5,0.1,0.5,0.492,0.429,0.55
506,Blake Wesley,19,37,18.1,5,2.2,2.7,0.7,0.1,0.321,0.385,0.591
507,Russell Westbrook,34,73,29.1,15.9,5.8,7.5,1,0.5,0.436,0.311,0.656
507,Russell Westbrook,34,52,28.7,15.9,6.2,7.5,1,0.4,0.417,0.296,0.655
507,Russell Westbrook,34,21,30.2,15.8,4.9,7.6,1.1,0.5,0.489,0.356,0.658
508,Coby White,22,74,23.4,9.7,2.9,2.8,0.7,0.1,0.443,0.372,0.871
509,Derrick White,28,82,28.3,12.4,3.6,3.9,0.7,0.9,0.462,0.381,0.875
510,Jack White,25,17,3.9,1.2,1,0.2,0.2,0.1,0.421,0.333,0.667
511,Joe Wieskamp,23,9,5.6,1,0.4,0.3,0,0,0.214,0.25,0
512,Aaron Wiggins,24,70,18.5,6.8,3,1.1,0.6,0.2,0.512,0.393,0.831
513,Andrew Wiggins,27,37,32.2,17.1,5,2.3,1.2,0.8,0.473,0.396,0.611
514,Lindell Wigginton,24,7,12.4,7.1,1,2,0,0.3,0.486,0.333,0.889
515,Alondes Williams,23,1,5,0,1,0,0,0,0,0,0
516,Donovan Williams,21,2,2,2,1,0,0,0,0.4,0,0
517,Grant Williams,24,79,25.9,8.1,4.6,1.7,0.5,0.4,0.454,0.395,0.77
518,Jalen Williams,21,75,30.3,14.1,4.5,3.3,1.4,0.5,0.521,0.356,0.812
519,Jaylin Williams,20,49,18.7,5.9,4.9,1.6,0.6,0.2,0.436,0.407,0.704
520,Jeenathan Williams,23,5,25.4,10.6,3,2,0.6,0.4,0.615,0.375,0.667
521,Kenrich Williams,28,53,22.8,8,4.9,2,0.8,0.3,0.517,0.373,0.436
522,Mark Williams,21,43,19.3,9,7.1,0.4,0.7,1,0.637,0,0.691
523,Patrick Williams,21,82,28.3,10.2,4,1.2,0.9,0.9,0.464,0.415,0.857
524,Robert Williams,25,35,23.5,8,8.3,1.4,0.6,1.4,0.747,0,0.61
525,Vince Williams Jr.,22,15,7,2,1,0.3,0.4,0.1,0.3,0.143,1
526,Ziaire Williams,21,37,15.2,5.7,2.1,0.9,0.4,0.2,0.429,0.258,0.773
527,Zion Williamson,22,29,33,26,7,4.6,1.1,0.6,0.608,0.368,0.714
528,Dylan Windler,26,3,3.3,1.7,0,0.3,0.3,0,0.667,0.5,0
529,Justise Winslow,26,29,26.8,6.8,5,3.4,1,0.4,0.409,0.311,0.714
530,James Wiseman,21,45,19.3,10,5.9,0.7,0.2,0.6,0.558,0.2,0.701
530,James Wiseman,21,21,12.5,6.9,3.5,0.7,0.1,0.3,0.628,0.5,0.684
530,James Wiseman,21,24,25.2,12.7,8.1,0.7,0.2,0.8,0.531,0.167,0.712
531,Christian Wood,27,67,25.9,16.6,7.3,1.8,0.4,1.1,0.515,0.376,0.772
532,Delon Wright,30,50,24.4,7.4,3.6,3.9,1.8,0.3,0.474,0.345,0.867
533,McKinley Wright IV,24,27,12.4,4.2,1.7,2.1,0.3,0.2,0.469,0.321,0.684
534,Gabe York,29,3,18.7,8,2,1.7,0.7,0,0.381,0.333,1
535,Thaddeus Young,34,54,14.7,4.4,3.1,1.4,1,0.1,0.545,0.176,0.692
536,Trae Young,24,73,34.8,26.2,3,10.2,1.1,0.1,0.429,0.335,0.886
537,Omer Yurtseven,24,9,9.2,4.4,2.6,0.2,0.2,0.2,0.593,0.429,0.833
538,Cody Zeller,30,15,14.5,6.5,4.3,0.7,0.2,0.3,0.627,0,0.686
539,Ivica Zubac,25,76,28.6,10.8,9.9,1,0.4,1.3,0.634,0,0.697